name,url,height_mdpl,province,image_url,description
Puncak Jaya Wijaya,https://datagunung.com/gunung/Puncak Jaya Wijaya/info,,Unknown,https://datagunung.com/images/mobile-Puncak Jaya Wijaya.webp,"Puncak Pegunungan Jaya Wijaya, yang terletak di Papua  merupakan bagian dari rangkaian Pegunungan Sudirman, dengan puncak tertingginya yaitu Puncak Jaya 4884 mdpl.

Puncak Jaya, juga dikenal sebagai Carstensz Pyramid, di sekitarnya terdapat gletser dengan nama yang sama yakni gletser Carstensz.

Gunung Jayawijaya merupakan tempat di Indonesia yang memiliki salju abadi. Puncak Jayawijaya bersuhu ekstrem mencapai 0°C sampai -5°C pada siang hari bahkan bisa mencapai -10°C pada malam hari.

Puncak Jayawijaya ini merupakan gunung tertinggi di Indonesia dan ke-7 tertinggi di kawasan Asia Tenggara."
Kerinci,https://datagunung.com/gunung/Kerinci/info,,Unknown,https://datagunung.com/images/mobile-Kerinci.webp,"Gunung Kerinci terletak di wilayah Taman Nasional Kerinci Seblat yang berada di batas dua propinsi, Jambi dan Sumatra Barat.
Taman Nasional Kerinci Seblat merupakan bagian dari pegunungan Bukit Barisan.dan ditetapkan sebagai salah satu ‘World Heritage Site”, The Tropical Rainforest Heritage Of Sumatra.
Gunung Kerinci adalah gunung tertinggi di Sumatra dan gunung berapi tertinggi di Indonesia yang masih aktif.

Jalur pendakian utama dimulai dari Kersik Tuo melewati medan pendakian yang relatif berat untuk dapat mencapai puncak Indrapura."
Rinjani,https://datagunung.com/gunung/Rinjani/info,,Unknown,https://datagunung.com/images/mobile-Rinjani.webp,"Gunung Rinjani adalah gunung berapi aktif yang terletak di Pulau Lombok, Nusa Tenggara Barat.
Terbentuk dari letusan vulkanik yang terjadi ribuan tahun yang lalu dan terus mengalami aktivitas vulkanik hingga saat ini. Puncak Rinjani dikelilingi oleh kawah yang luas dan danau yang terbentuk akibat letusan dahsyat pada masa lalu.
Kawah ini dikenal dengan sebutan Segara Anak yang memiliki kedalaman sekitar 230 meter dan di dalamnya terdapat Gunung Baru Jari yang merupakan gunung berapi muda.

Kawasan Rinjani memiliki keindahan alam yang luar biasa dan pemandangan indah dari puncak yang menakjubkan. Selain itu, kawasan Rinjani merupakan tempat bagi berbagai spesies flora dan fauna yang langka.

Pendakian ke Gunung Rinjani juga membutuhkan persiapan fisik dan mental prima karena jalur pendakian ke puncak cukup umumnya membutuhkan waktu yang relatif lama."
Semeru,https://datagunung.com/gunung/Semeru/info,,Unknown,https://datagunung.com/images/mobile-Semeru.webp,"Gunung Semeru adalah gunung berapi aktif dan tertinggi di pulau Jawa. Gunung ini terletak di kawasan Taman Nasional Bromo Tengger Semeru, di perbatasan Kabupaten Lumajang, Kabupaten Malang, dan Kabupaten Pasuruan, Jawa Timur. Gunung Semeru memiliki ketinggian 3.676 meter di atas permukaan laut dan sering disebut sebagai ""Mahameru"", yang dalam bahasa Jawa berarti ""Gunung Besar"".

Gunung Semeru memiliki lereng yang curam dan dipenuhi oleh bebatuan vulkanik dan puing-puing dari letusan sebelumnya. Gunung ini memiliki kawah yang luas di puncaknya yang dikenal dengan sebutan ""Kawah Jonggring Saloko"". Di dalam kawah tersebut terdapat jejak-jejak aktivitas vulkanik, seperti uap air dan gas belerang.

Pada umumnya pendakian dimulai dari pos Ranu Pane menuju ke danau Ranu Kumbolo dengan menempuh perjalanan selama sekitar 6-8 jam. Jalur pendakian menuju danau ini cukup menantang dan memerlukan persiapan fisik yang baik, namun pemandangan yang ditawarkan oleh danau ini begitu indah dan memuaskan. Danau Ranu Kumbolo dikelilingi oleh bukit dan hutan yang hijau, dan memiliki air yang jernih dan tenang. Danau ini sering menjadi tempat singgah para pendaki yang menuju puncak Gunung Semeru, karena letaknya yang strategis di tengah jalur pendakian. Selain itu, danau ini juga menjadi tempat yang populer bagi para pecinta alam yang ingin menikmati keindahan alam pegunungan yang masih asli.
Selain menikmati keindahan danau, para pengunjung juga dapat melakukan aktivitas seperti berkemah, memancing, atau sekadar bersantai di sekitar danau.

Sebagai gunung berapi yang aktif, Gunung Semeru sering mengalami letusan dan aktivitas vulkanik.
Oleh karena itu, para pendaki dan pengunjung di sekitar Gunung Semeru harus selalu memperhatikan informasi terbaru tentang kondisi gunung dan mengikuti semua aturan dan regulasi yang ditetapkan oleh pihak berwenang untuk menjaga keselamatan dan kelestarian lingkungan."
Latimojong,https://datagunung.com/gunung/Latimojong/info,,Unknown,https://datagunung.com/images/mobile-Latimojong.webp,"Gunung Latimojong memiliki puncak tertinggi yang dikenal dengan nama Puncak Rantemario, yang berada pada ketinggian sekitar 3.478 meter di atas permukaan laut (mdpl). Puncak ini menjadikannya gunung tertinggi di Pulau Sulawesi. Puncak ini merupakan titik tertinggi di Sulawesi, menjadikannya salah satu dari ""Seven Summits"" Indonesia, yaitu tujuh puncak gunung tertinggi di Indonesia.

Gunung Latimojong terletak di Kabupaten Enrekang, Provinsi Sulawesi Selatan. Gunung ini berada di kawasan pegunungan Latimojong yang membentang di tengah pulau Sulawesi.
Pegunungan Latimojong memiliki tujuh puncak yaitu Buntu Rante Mario (tertinggi di Sulawesi), Buntu Nenemori, Buntu Sinaji, Buntu Sikolong, Buntu Rante Kambola, Buntu Bajaja, dan Buntu Latimojong.

Beberapa hewan langka yang  kemungkinan bisa ditemui di kawasan ini seperti anoa dan babirusa."
Slamet,https://datagunung.com/gunung/Slamet/info,,Unknown,https://datagunung.com/images/mobile-Slamet.webp,"Gunung Slamet adalah gunung tertinggi kedua di Pulau Jawa, setelah Gunung Semeru. Gunung ini terletak di Provinsi Jawa Tengah, Indonesia, dan memiliki ketinggian 3.432 meter di atas permukaan laut. Gunung Slamet memiliki bentuk kubah dan merupakan gunung berapi yang masih aktif.

Pemandangan di sekitar Gunung Slamet sangat indah, dengan hamparan sawah, perbukitan hijau, dan hutan yang luas. Di lereng gunung terdapat beberapa desa yang masih mempertahankan kebudayaan tradisional Jawa. Di kaki Gunung Slamet juga terdapat banyak sumber air yang menjadi sumber kehidupan bagi penduduk sekitar.

Untuk mencapai puncak Gunung Slamet, terdapat beberapa jalur pendakian yang dapat dipilih. Salah satunya adalah jalur pendakian dari Bambangan, Pemalang. Jalur ini merupakan jalur pendakian yang paling populer, karena dapat dicapai dengan mudah melalui jalan tol.

Meski jalur pendakian relatif mudah, namun pendaki harus tetap memperhatikan kondisi fisik dan cuaca yang ada, karena jalur pendakian ke puncak cukup terjal dan berliku. Di puncak Gunung Slamet, pendaki akan disuguhkan dengan pemandangan yang indah, terutama saat matahari terbit atau terbenam."
Sumbing,https://datagunung.com/gunung/Sumbing/info,,Unknown,https://datagunung.com/images/mobile-Sumbing.webp,"Gunung Sumbing adalah sebuah gunung yang terletak di Provinsi Jawa Tengah, Indonesia, di antara Kabupaten Magelang dan Kabupaten Temanggung. 

Untuk mendaki Gunung Sumbing, terdapat beberapa jalur pendakian yang dapat dipilih, antara lain melalui desa Garung atau desa Cepit di Kabupaten Magelang, serta desa Cepit atau desa Garung di Kabupaten Temanggung. Jalur pendakian umumnya cukup menantang, terutama pada bagian puncak yang curam dan berbatu.

Namun, perjalanan mendaki Gunung Sumbing akan terbayar dengan pemandangan yang spektakuler dari atas gunung. Pemandangan dari puncak Gunung Sumbing sangat indah, dengan panorama pegunungan dan lembah yang hijau dan subur di sekelilingnya. Pendaki dapat melihat ke arah utara menuju Kota Semarang dan pesisir utara Jawa Tengah, serta ke arah selatan dan barat menuju Pegunungan Dieng dan Gunung Merbabu."
Raung,https://datagunung.com/gunung/Raung/info,,Unknown,https://datagunung.com/images/mobile-Raung.webp,"Gunung Raung adalah gunung yang terletak di provinsi Jawa Timur dengan beberapa karakteristiksebagai berikut:

Ketinggian - sekitar 3.344 meter di atas permukaan laut, menjadikannya sebagai gunung tertinggi kedua di Jawa Timur setelah Gunung Semeru.

Bentuk - kerucut dengan lereng yang curam. Puncak gunung memiliki formasi batu yang menyerupai puncak gunung es, sehingga memberikan kesan yang indah dan menarik.

Iklim - sejuk dan lembap sepanjang tahun, dengan suhu rata-rata sekitar 10-15 derajat Celsius pada ketinggian di atas 2.000 meter di atas permukaan laut. Namun pada saat musim hujan, sering terjadi hujan deras dan angin kencang, sehingga tidak disarankan untuk mendaki pada saat itu.

Vegetasi - di sekitar kaki gunung, terdapat hutan tropis yang lebat dengan pepohonan yang tinggi dan banyak tumbuhan liar. Namun, semakin mendekati puncak, vegetasi semakin jarang dan hanya terdapat rumput dan semak belukar.

Fauna - terdapat berbagai macam fauna seperti burung, kera, ular, dan hewan-hewan kecil lainnya.

Aktivitas vulkanik - meskipun bukan gunung berapi yang sangat aktif, namun gunung ini pernah meletus pada tahun 2015 dan menyebabkan sejumlah daerah terdampak abu vulkanik."
Arjuno,https://datagunung.com/gunung/Arjuno/info,,Unknown,https://datagunung.com/images/mobile-Arjuno-Welirang.webp,"Gunung Arjuno terletak di Kabupaten Malang dan Kabupaten Pasuruan. Gunung ini berdekatan dengan Gunung Welirang dan Gunung Semeru, yang merupakan gunung tertinggi di Jawa Timur. Gunung ini berada di bawah pengelolaan Taman Hutan Raya Raden Soerjo.

Gunung Arjuno bersebelahan dengan Gunung Welirang, Gunung Kembar I, dan Gunung Kembar II. Puncak Gunung Arjuno berdekatan dengan puncak gunung Welirang, sehingga kompleks ini sering disebut juga dengan Arjuno-Welirang. 

Gunung Arjuno memiliki ketinggian sekitar 3.339 mdpl, merupakan gunung tertinggi kedua di Jawa Timur setelah Gunung Semeru.

Pada kawasan gunung Arjuno terdapat mata air sungai Brantas. Mata air sungai Brantas terletak di Desa Sumber Brantas, Bumiaji, yang merupakan sungai terpanjang kedua di Pulau Jawa setelah Bengawan Solo."
Lawu,https://datagunung.com/gunung/Lawu/info,,Unknown,https://datagunung.com/images/mobile-Lawu.webp,"Gunung Lawu terletak di antara tiga kabupaten, yaitu Ngawi, dan Magetan di Jawa Timur dan Karanganyar di Jawa Tengah.

Gunung Lawu memiliki 3 puncak yaitu Hargo Dalem, Hargo Dumiling, dan Hargo Dumilah."
Dempo,https://datagunung.com/gunung/Dempo/info,,Unknown,https://datagunung.com/images/mobile-Dempo.webp,"Gunung Dempo adalah gunung berapi kerucut yang terletak di Kabupaten Pagaralam, Sumatra Selatan, Indonesia. Gunung ini memiliki ketinggian sekitar 3.173 meter di atas permukaan laut, menjadikannya sebagai gunung tertinggi di wilayah Sumatra Selatan.

Gunung Dempo merupakan gunung api yang masih aktif dan terakhir kali meletus pada tahun 2009. Gunung ini juga dikenal sebagai salah satu gunung api yang paling aktif di Sumatra Selatan.

Gunung Dempo memiliki jalur pendakian yang cukup populer bagi para pendaki yang ingin menikmati pemandangan indah di sekitar gunung dan mencapai puncaknya. Terdapat beberapa jalur pendakian yang tersedia, namun jalur yang paling umum adalah melalui kawasan wisata air terjun Puncak Lawang, dengan rute pendakian yang relatif mudah dan diperkirakan dapat diselesaikan dalam waktu sekitar 5-7 jam.

Selain menjadi tujuan wisata pendakian, Gunung Dempo juga dikenal sebagai sumber penghasil kopi berkualitas tinggi di wilayah Sumatra Selatan. Di sekitar gunung terdapat banyak kebun kopi yang dapat dikunjungi oleh wisatawan untuk melihat proses produksi kopi secara langsung."
Welirang,https://datagunung.com/gunung/Welirang/info,,Unknown,https://datagunung.com/images/mobile-Arjuno-Welirang.webp,Gunung Welirang berada di provinsi Jawa Timur dengan ketinggian 3156 mdpl.
Sindoro,https://datagunung.com/gunung/Sindoro/info,,Unknown,https://datagunung.com/images/mobile-Sindoro.webp,"Gunung Sindoro memiliki tingkat kesulitan yang bervariasi tergantung pada jalur pendakian yang dipilih. Berikut adalah ringkasan tingkat kesulitan pendakian pada beberapa jalur pendakian Gunung Sindoro:

Jalur Kledung: Jalur ini dianggap memiliki tingkat kesulitan yang cukup mudah. Pendakian dapat ditempuh dalam waktu sekitar 5-6 jam. Namun, tetap disarankan untuk membawa peralatan pendakian yang memadai seperti sepatu gunung yang nyaman, pakaian hangat, serta peralatan makan dan minum yang cukup.

Jalur Sigedang: Jalur ini dianggap memiliki tingkat kesulitan yang lebih sulit dibandingkan dengan jalur Kledung. Jalur ini memerlukan waktu sekitar 7-8 jam untuk mencapai puncak Gunung Sindoro. Jalur ini juga memiliki medan yang cukup terjal dan bebatuan yang licin pada beberapa titiknya."
Merbabu,https://datagunung.com/gunung/Merbabu/info,,Unknown,https://datagunung.com/images/mobile-Merbabu.webp,"Gunung Merbabu terletak dalam kawasan Taman Nasional Gunung Merbabu, dan dapat dikunjungi melalui Semarang, Magelang atau Boyolali.
Gunung Merbabu memiliki 5 jalur pendakian resmi yang dapat ditempuh dalam waktu antara 8 hingga 11 jam. Gunung ini memiliki beberap area yang disebut puncak, dengan puncak tertinggi 3142 mdpl dikenal dengan nama Kenteng Songo. Kawasan Taman Nasional Gunung Merbabu memiliki website resmi https://tngunungmerbabu.org yang memiliki infografik unik yang memberikan ilustrasi semua jalur pendakian resmi, lengkap dengan informasi pos, ketinggian dan perkiraan lama perjalanan."
Agung,https://datagunung.com/gunung/Agung/info,,Unknown,https://datagunung.com/images/mobile-Agung.webp,"Merupakan gunung tertinggi di Bali, terletak di Kecamatan Rendang, Kabupaten Karangasem. Pada lereng gunung terdapat pura Besakih.

Gunung Agung merupakan gunung berapi bertipe strato.

Jalur pendakian:
- Dari Kecamatan Selat, Kabupaten Karangasem. Basecamp di pura Pasar Agung lewat Pasar Selat.
- Dari pura Besakih, Kecamatan Rendang, Kabupaten Karangasem.
- Dari Budakeling"
Leuser,https://datagunung.com/gunung/Leuser/info,,Unknown,https://datagunung.com/images/mobile-Leuser.webp,"Salah satu gunung di Indonesia dengan jalur pendakian yang sangat jauh.
Berdasarkan informasi dari situs pendakianleuser.wordpress.com, jalur utama pendakian gunung Leuser sepajang +- 51 km dapat ditempuh dalam 7 hingga 8 hari."
Argopuro,https://datagunung.com/gunung/Argopuro/info,,Unknown,https://datagunung.com/images/mobile-Argopuro.webp,"Argopuro, gunung yang memiliki trek terpanjang di Jawa Timur. Dua jalur mencapai puncak via Bremi atau  Baderan, menyajikan pemandangan yang tidak mudah dilupakan."
Ciremai,https://datagunung.com/gunung/Ciremai/info,,Unknown,https://datagunung.com/images/mobile-Ciremai.webp,"Gunung Ciremai adalah sebuah gunung berapi yang terletak di wilayah Jawa Barat, Indonesia. Gunung ini memiliki ketinggian 3.078 meter di atas permukaan laut dan merupakan gunung tertinggi di Provinsi Jawa Barat.

Gunung Ciremai terletak di wilayah Kabupaten Kuningan dan Kabupaten Majalengka. Gunung ini merupakan salah satu gunung berapi yang masih aktif di Indonesia, namun saat ini tidak tercatat adanya aktivitas vulkanik yang signifikan.

Gunung Ciremai memiliki pemandangan alam yang indah dan merupakan salah satu objek wisata alam yang populer di Jawa Barat. Di sekitar gunung terdapat hutan yang masih lebat, air terjun yang eksotis, dan terdapat pula beberapa makam kuno yang dipercaya sebagai tempat peristirahatan raja-raja dari kerajaan yang pernah berkuasa di wilayah tersebut.

Untuk mencapai puncak Gunung Ciremai, terdapat beberapa rute pendakian yang bisa dipilih, di antaranya adalah rute Linggarjati, rute Apuy, rute Palutungan, dan rute Cibodas. Beberapa rute pendakian tersebut memiliki tingkat kesulitan yang berbeda-beda, namun secara umum cukup menantang dan membutuhkan stamina yang baik.

Bagi para pendaki, puncak Gunung Ciremai menawarkan pemandangan yang spektakuler dengan panorama alam yang indah. Dari puncak, kita bisa melihat pemandangan gunung-gunung lainnya di Jawa Barat, seperti Gunung Gede, Gunung Pangrango, dan Gunung Salak. Selain itu, dari puncak juga terlihat hamparan sawah dan perkebunan yang menyejukkan mata."
Binaiya,https://datagunung.com/gunung/Binaiya/info,,Unknown,https://datagunung.com/images/mobile-Binaiya.webp,"Gunung Binaiya terletak di pulau Seram provinsi Maluku, dengan ketinggian 3027 mdpl. Gunung ini berada dalam area Taman Nasional Manusela.

Gunung Binaiya juga merupakan bagian dari 7 Puncak Indonesia."
Pangrango,https://datagunung.com/gunung/Pangrango/info,,Unknown,https://datagunung.com/images/mobile-Pangrango.webp,"Gunung Pangrango adalah salah satu gunung yang terletak di Provinsi Jawa Barat, Indonesia. Gunung ini terletak di kawasan Taman Nasional Gunung Gede Pangrango, yang merupakan salah satu kawasan konservasi alam yang penting di Indonesia. Taman Nasional Gunung Gede Pangrango juga termasuk Gunung Gede, yang merupakan gunung tertinggi di Jawa Barat.

Gunung Pangrango memiliki ketinggian sekitar 3.019 meter di atas permukaan laut. Tempat ini merupakan tujuan populer bagi pendaki gunung dan pencinta alam yang ingin menikmati keindahan alam serta flora dan fauna yang beragam di kawasan Taman Nasional ini.

Pendakian ke Gunung Pangrango biasanya dimulai dari pintu masuk Taman Nasional Cibodas, yang terletak di kawasan Puncak, Jawa Barat. Dari sana, pendaki dapat mengikuti jalur pendakian yang telah ditentukan dan menikmati pemandangan alam yang spektakuler selama perjalanan. Taman Nasional ini juga memiliki berbagai jenis tumbuhan endemik dan satwa liar, sehingga pendakian ke Gunung Pangrango juga menjadi pengalaman ekologi yang menarik.

Sebelum mendaki Gunung Pangrango atau Gunung-Gunung lainnya di Indonesia, selalu penting untuk memeriksa perizinan dan persyaratan yang diperlukan, serta mempersiapkan diri dengan baik agar perjalanan berjalan dengan aman dan nyaman."
Merapi,https://datagunung.com/gunung/Merapi/info,,Unknown,https://datagunung.com/images/mobile-Merapi.webp,Gunung Merapi berada di provinsi Jawa Tengah dengan ketinggian 2968 mdpl.
Gede,https://datagunung.com/gunung/Gede/info,,Unknown,https://datagunung.com/images/mobile-Gede.webp,Gunung Gede berada di provinsi Jawa Barat dengan ketinggian 2958 mdpl.
Talakmau,https://datagunung.com/gunung/Talakmau/info,,Unknown,https://datagunung.com/images/mobile-Talakmau.webp,Gunung Talakmau berada di provinsi Sumatra Barat dengan ketinggian 2919 mdpl.
Puyul Sojol,https://datagunung.com/gunung/Puyul Sojol/info,,Unknown,https://datagunung.com/images/mobile-default-image.webp,"Dengan ketinggian 2898 mdpl, terletak diperbatasan kecamatan Sojol, Kabupaten Donggala dengan kecamatan Tinombo, kabupaten Parigi Moutong di Provinsi Sulawesi Tengah.

Terdapat dua jalur pendakian, yaitu melalui jalur barat yang dimulai dari Desa Siboang, kecamatan Sojol, dan jalur timur yang dimulai dari Desa Bobalo, kecamatan Palasa.

Gunung Sojol telah menjadi cagar alam yang termasuk ke dalam wilayah Kabupaten Donggala, Kabupaten Parigi Moutong dan Kabupaten Tolitoli."
Marapi,https://datagunung.com/gunung/Marapi/info,,Unknown,https://datagunung.com/images/mobile-Marapi.webp,"Gunung Marapi adalah salah satu gunung yang terletak di Pulau Sumatera, Indonesia. Lebih tepatnya, gunung ini berada di Provinsi Sumatera Barat. Marapi memiliki ketinggian sekitar 2.891 meter di atas permukaan laut, menjadikannya salah satu gunung tertinggi di Sumatera.

Gunung Marapi adalah gunung berapi yang masih aktif, dan sejarah aktivitas vulkaniknya dapat ditelusuri hingga zaman kolonial Belanda. Aktivitas vulkanik di masa lalu telah memberikan kontribusi pada keindahan serta keberagaman bentang alam di sekitarnya."
Geureudong,https://datagunung.com/gunung/Geureudong/info,,Unknown,https://datagunung.com/images/mobile-Geureudong.webp,Gunung Geureudong berada di provinsi Aceh dengan ketinggian 2885 mdpl.
Singgalang,https://datagunung.com/gunung/Singgalang/info,,Unknown,https://datagunung.com/images/mobile-Singgalang.webp,Gunung Singgalang berada di provinsi Sumatra Barat dengan ketinggian 2877 mdpl.
Lompobattang,https://datagunung.com/gunung/Lompobattang/info,,Unknown,https://datagunung.com/images/mobile-Lompobattang.webp,"Gunung Lompobattang adalah salah satu gunung yang terletak di Provinsi Sulawesi Selatan, Indonesia. Gunung ini terkenal dengan pemandangan alamnya yang indah, serta merupakan salah satu gunung tertinggi di Sulawesi Selatan. 

Gunung ini terletak di wilayah Kabupaten Gowa, Sulawesi Selatan, tidak terlalu jauh dari Kota Makassar, ibu kota provinsi. Gunung ini juga menjadi bagian dari Pegunungan Lompobattang-Bawakaraeng. Dari puncak Gunung Lompobattang dapat melihat puncak Gunung Bawakaraeng.

Tipe Gunung: Gunung Lompobattang merupakan gunung api tidak aktif tipe stratovolcano.

Pendakian: Gunung Lompobattang menjadi salah satu tujuan pendakian yang cukup populer bagi pendaki di Sulawesi. Jalur pendakiannya tergolong menantang, dengan medan yang berbatu dan curam di beberapa bagian. Karena jalurnya yang relatif sulit, pendakian ke puncaknya biasanya memerlukan persiapan fisik yang baik dan perlengkapan yang memadai."
Katopasa,https://datagunung.com/gunung/Katopasa/info,,Unknown,https://datagunung.com/images/mobile-default-image.webp,"Gunung Katopasa mempunyai ketinggian setinggi 2865 meter, terletak di daerah Tojo, regensi Poso, dengan jarak sekitar 350 km dari Kota Palu.
Gunung sebelah utara berbatasan dengan desa Podi dan di sebelah selatan dengan desa Mire. Di bagian timur berdekatan dengan sungai Ulu Bongka dan bagian barat berdekatan dengan Cagar alam Morowali.
Titik awal pendakian melalui desa Mire dan mengarah ke sepanjang pantai utara semenanjung Sulawesi antara Kota Poso dan Luwuk."
Patah,https://datagunung.com/gunung/Patah/info,,Unknown,https://datagunung.com/images/mobile-Patah.webp,Gunung Patah berada di provinsi Bengkulu dengan ketinggian 2852 mdpl.
Bawakaraeng,https://datagunung.com/gunung/Bawakaraeng/info,,Unknown,https://datagunung.com/images/mobile-Bawakaraeng.webp,"Gunung Bawakaraeng adalah sebuah keindahan alam yang memukau di pulau Sulawesi, Indonesia. Terletak di provinsi Sulawesi Selatan, gunung berapi ini menawarkan pemandangan yang menakjubkan dan pengalaman yang tak terlupakan bagi para pengunjung yang mencintai petualangan dan keindahan alam.

Ketinggian Gunung Bawakaraeng, bersama dengan keberadaannya sebagai bagian dari busur vulkanik Sulawesi, memberikan daya tarik tersendiri. Dikelilingi oleh hamparan hijau dan kebun pertanian, gunung ini tidak hanya menawarkan pemandangan alam yang menakjubkan, tetapi juga memberikan kesempatan bagi para pendaki dan pencinta alam untuk menjelajahi keindahan yang alami dan unik.

Sulawesi Selatan memiliki kekayaan budaya yang kaya, dan Gunung Bawakaraeng menjadi bagian integral dari lanskap geografis dan sejarah lokal. Ketika Anda mendaki gunung ini, Anda akan merasakan kekayaan alam dan keindahan budaya yang melekat pada setiap langkah perjalanan Anda."
Cikuray,https://datagunung.com/gunung/Cikuray/info,,Unknown,https://datagunung.com/images/mobile-Cikuray.webp,"Gunung Cikuray terletak di Kabupaten Garut, Jawa Barat,  memiliki ketinggian 2821 mdpl dan merupakan gunung tertinggi keempat di Jawa Barat setelah Gunung Ciremai, Gunung Pangrango dan Gunung Gede.

Untuk mencapai Cikuray dapat ditempuh dengan kendaraan umum dari Bandung atau dari Tasik menuju terminal Guntur. 

Tiga jalur pendakian gunung Cikuray yang biasa digunakan, yaitu via Pemancar Cilawu, via Bayongbong dan via Cikajang.Jalur pendakian Gunung Cikuray melalui Pemancar merupakan jalur yang paling umum dilalui oleh para pendaki, karena jalur ini relatif mudah diakses untuk urusan transportasi."
Peuet Sagoe,https://datagunung.com/gunung/Peuet Sagoe/info,,Unknown,https://datagunung.com/images/mobile-Peuet Sagoe.webp,Gunung Peuet Sagoe berada di provinsi Aceh dengan ketinggian 2801 mdpl.
Ijen,https://datagunung.com/gunung/Ijen/info,,Unknown,https://images.unsplash.com/photo-1500100711100-fa7d55b8f658?ixlib=rb-4.0.3&ixid=MnwxMjA3fDB8MHxwaG90by1wYWdlfHx8fGVufDB8fHx8&auto=format&fit=crop&w=800&h=450&q=80,"Kawah Ijen, yang terletak di Pegunungan Ijen, Jawa Timur, Indonesia, adalah salah satu kawah vulkanik yang paling menakjubkan di dunia. Berikut adalah deskripsi lebih rinci tentang Kawah Ijen:

Keunikan Geologis:
Kawah Ijen merupakan kawah vulkanik dengan diameter sekitar 722 meter dan kedalaman sekitar 200 meter. Di tengah kawah, terdapat danau asam yang terkenal dengan warna biru-kehijauan yang indah, dikenal sebagai Danau Kawah Ijen. Keunikan danau ini disebabkan oleh tingginya kandungan belerang dan keasaman airnya.

Pertambangan Belerang:
Salah satu ciri khas Kawah Ijen adalah aktivitas pertambangan belerang yang dilakukan secara tradisional oleh para pekerja lokal. Para pekerja membawa belerang yang mereka ambil dari dalam kawah dengan cara manual, seringkali menggunakan keranjang yang diikatkan di punggung mereka. Ini adalah pekerjaan yang berat dan memerlukan ketahanan fisik yang tinggi.

Blue Fire (Api Biru):
Fenomena alam langka yang dapat diamati di Kawah Ijen adalah Blue Fire atau api biru. Hal ini disebabkan oleh pembakaran gas belerang yang keluar dari celah-celah kawah. Blue Fire ini terutama terlihat pada malam hari dan menciptakan pemandangan yang spektakuler.

Pemandangan Alam:
Selama pendakian menuju kawah, pengunjung akan disuguhi dengan pemandangan alam yang luar biasa, termasuk hutan tropis, vegetasi alpine, dan pemandangan gunung yang menakjubkan. Pendakian yang melibatkan jalur curam ini membutuhkan usaha, tetapi pengalaman menyaksikan keindahan alamnya sangatlah memuaskan.

Akses dan Pendakian:
Akses ke Kawah Ijen dimulai dari pos pendakian Paltuding. Pendakian ini memerlukan waktu beberapa jam, tergantung pada kecepatan dan kondisi fisik pengunjung. Rute pendakian menawarkan pemandangan indah sepanjang perjalanan.


Keindahan Malam:
Melihat Kawah Ijen pada malam hari dapat menjadi pengalaman yang luar biasa, terutama untuk menyaksikan Blue Fire. Pemandangan malam di kawah ini menciptakan atmosfer yang magis.

Kawah Ijen tidak hanya menjadi tujuan bagi para pendaki dan pencinta alam, tetapi juga menyuguhkan gambaran unik tentang interaksi manusia dengan lingkungannya yang penuh tantangan."
Bulu Baria,https://datagunung.com/gunung/Bulu Baria/info,,Unknown,https://datagunung.com/images/mobile-default-image.webp,"Gunung Bulubaria berada tepat di Desa Manimbahoi, Kecamatan Parigi, Kabupaten Gowa, Sulawesi Selatan.  Gunung Bulubaria memiliki ketinggian sekitar 2853 mdpl.

Lokasi gunung Bulubaria berada di antara gunung Lompobattang dan gunung Bawakaraeng.
Jalur pendakian Bulubaria dibuka secara resmi sejak 11 Oktober 2021."
Tambora,https://datagunung.com/gunung/Tambora/info,,Unknown,https://datagunung.com/images/mobile-Tambora.webp,Gunung Tambora berada di provinsi Nusa Tenggara Barat dengan ketinggian 2722 mdpl.
Papandayan,https://datagunung.com/gunung/Papandayan/info,,Unknown,https://images.unsplash.com/photo-1580808327337-731f57b77991?ixlib=rb-4.0.3&ixid=MnwxMjA3fDB8MHxwaG90by1wYWdlfHx8fGVufDB8fHx8&auto=format&fit=crop&w=800&h=450&q=80,"Gunung Papandayan adalah sebuah gunung berapi yang terletak di Jawa Barat, Indonesia. Gunung ini terletak sekitar 70 kilometer di sebelah tenggara Kota Bandung, tepatnya di wilayah Kabupaten Garut. Papandayan merupakan salah satu tujuan wisata populer di Jawa Barat karena keindahan alamnya yang menarik.

Gunung Papandayan memiliki ketinggian sekitar 2.665 meter di atas permukaan laut. Gunung ini terkenal dengan keindahan pemandangan alamnya yang meliputi lembah hijau, danau kawah, serta panorama pegunungan yang spektakuler. Kawah gunung ini dikenal dengan sebutan ""Kawah Mas"", yang merupakan kawah utama di Papandayan.

Selain keindahan alamnya, Gunung Papandayan juga memiliki jalur pendakian yang menarik bagi para pendaki, seperti jalur Cisurupan (jalur utama) dan jalur Pengalengan. Pendakian ke puncak gunung ini relatif cukup menantang, namun pemandangan yang ditemui di puncak akan sangat memuaskan.

Gunung Papandayan juga memiliki fenomena alam yang menarik, seperti aktivitas fumarol, yaitu keluarnya uap panas dan belerang dari celah-celah gunung. Terdapat juga beberapa objek wisata menarik di sekitar Gunung Papandayan, seperti Pancuran Pitu, Telaga Bodas, dan Candi Cangkuang."
Kawi Butak,https://datagunung.com/gunung/Kawi-Butak/info,,Unknown,https://datagunung.com/images/mobile-Kawi-Butak.webp,Gunung Kawi-Butak berada di provinsi Jawa Timur dengan ketinggian 2651 mdpl.
Mekongga,https://datagunung.com/gunung/Mekongga/info,,Unknown,https://datagunung.com/images/mobile-Mekongga.webp,Gunung Mekongga berada di provinsi Sulawesi Tenggara dengan ketinggian 2620 mdpl.
Kendang,https://datagunung.com/gunung/Kendang/info,,Unknown,https://datagunung.com/images/mobile-Kendang.webp,"Terletak di perbatasan kecamatan Kertasari, Kab. Bandung dan kecamatan Pasirwangi, Kab. Garut, Jawa Barat dan bertipe gunung berapi stratovolcano.

Jalur Pendakian:
Via Desa Neglawangi, Kecamatan Kertasari, Kabupaten Bandung.
Via Kampung Lodaya."
Ranti,https://datagunung.com/gunung/Ranti/info,,Unknown,https://datagunung.com/images/mobile-Ranti.webp,Gunung Ranti berada di provinsi Jawa Timur dengan ketinggian 2601 mdpl.
Talang,https://datagunung.com/gunung/Talang/info,,Unknown,https://datagunung.com/images/mobile-Talang.webp,"Terletak di kabupaten Solok, provinsi Sumatra Barat.
Bertipe Stratovolcano dan merupakan salah satu dari gunung api aktif di Sumatra Barat
Rute pendakian via Batu Bajanjang, Bukit Sileh ke timur laut, atau via perkebunan teh di Air Batumbuk ke selatan. 
Dari puncak gunung Talang dapat terlihat pemandangan danau Kembar, danau Talang dan danau Singkarak.
Letusan Gunung Talang terjadi pertama kali pada 1833, diikuti tahun 1843, 1845, 1883, 1981 dan 2005."
Prau,https://datagunung.com/gunung/Prau/info,,Unknown,https://datagunung.com/images/mobile-Prau.webp,"Gunung Prau adalah salah satu gunung yang terletak di Jawa Tengah, Indonesia. Gunung ini terletak di antara Kabupaten Wonosobo, Kabupaten Temanggung, dan Kabupaten Pekalongan. Gunung Prau memiliki ketinggian sekitar 2.590 meter di atas permukaan laut, menjadikannya salah satu destinasi pendakian populer di Pulau Jawa.

Berikut adalah deskripsi umum tentang Gunung Prau:

Pemandangan Luas: Puncak Gunung Prau menawarkan pemandangan alam yang sangat indah dan luas. Dari puncak, para pendaki dapat menikmati panorama pegunungan yang hijau serta melihat kabut yang menyelimuti lembah-lembah di sekitarnya.

Bukit Teletubbies: Salah satu daya tarik unik dari Gunung Prau adalah adanya formasi tanah yang disebut ""Bukit Teletubbies"". Bukit ini memiliki tanah yang berwarna hijau kekuningan, menciptakan pemandangan yang kontras dengan lingkungan sekitarnya.

Pematang Rumput: Di sekitar puncak, terdapat pematang rumput yang luas yang sering digunakan oleh para pendaki untuk mendirikan tenda dan berkemah. Pematang ini memberikan nuansa alam terbuka yang menambah pengalaman berkemah di atas gunung.

Pendakian yang Tidak Terlalu Sulit: Jalur pendakian menuju puncak Gunung Prau tidak terlalu sulit, membuatnya cocok bagi para pendaki pemula. Namun, tetap diperlukan persiapan yang baik, terutama mengingat kondisi cuaca yang bisa berubah-ubah.

Suhu Dingin: Karena ketinggiannya, suhu di sekitar Gunung Prau cenderung dingin, terutama di malam hari. Pendaki disarankan membawa perlengkapan yang cukup untuk menghadapi suhu dingin tersebut.

Keunikan Budaya: Sebagai bagian dari kawasan Dieng, Gunung Prau juga memiliki keunikan budaya lokal. Pendaki dapat mengeksplorasi situs-situs sejarah dan budaya di sekitar kawasan Dieng setelah menyelesaikan pendakian.

Sebelum mendaki Gunung Prau, penting untuk memperhatikan persiapan dan informasi terkini, seperti kondisi jalur pendakian, cuaca, serta perizinan yang mungkin diperlukan."
Dieng,https://datagunung.com/gunung/Dieng/info,,Unknown,https://images.unsplash.com/photo-1611656600199-4d3a8845c233?ixlib=rb-4.0.3&ixid=MnwxMjA3fDB8MHxwaG90by1wYWdlfHx8fGVufDB8fHx8&auto=format&fit=crop&w=800&h=450&q=80,"Dataran Tinggi Dieng adalah sebuah dataran tinggi vulkanik yang terletak di Provinsi Jawa Tengah, Indonesia. Dataran tinggi ini terletak di wilayah Kabupaten Banjarnegara. Dataran Tinggi Dieng terkenal karena keindahan alamnya, fenomena geologi, dan warisan budayanya.

Dataran Tinggi Dieng terbentuk oleh aktivitas vulkanik dengan kawah yang mengeluarkan gas dan belerang. Di kawasan Dieng juga terdapat kompleks candi dan area pemandian air panas. Dataran Tinggi Dieng juga menawarkan pemandangan alam yang indah, termasuk ladang-ladang kentang, hamparan sawah, dan hijaunya perbukitan."
Wilis,https://datagunung.com/gunung/Wilis/info,,Unknown,https://datagunung.com/images/mobile-Wilis.webp,Gunung Wilis berada di provinsi Jawa Timur dengan ketinggian 2563 mdpl.
Torenali,https://datagunung.com/gunung/Torenali/info,,Unknown,https://datagunung.com/images/mobile-default-image.webp,Gunung Torenali berada di provinsi Sulawesi Tengah dengan ketinggian 2526 mdpl.
Bukit Daun,https://datagunung.com/gunung/Bukit Daun/info,,Unknown,https://datagunung.com/images/mobile-default-image.webp,Gunung Bukit Daun berada di provinsi Bengkulu dengan ketinggian 2467 mdpl.
Bulu Torompupu,https://datagunung.com/gunung/Bulu Torompupu/info,,Unknown,https://datagunung.com/images/mobile-default-image.webp,"Memiliki ketinggian 2463 mdpl, lokasi gunung Torompupu yang berada di Desa Salua, kecamatan Kulawi, kabupaten Sigi, Sulawesi Tengah.

Gunung Torompupu merupakan bagian dari gugusan pegunungan Gawalise.
Jalur pendakiannya diperkenalkan oleh Mapala Sagarmatha Universitas Tadulako pada tahun 2002 dan sejak itu mulai sering dikunjungi para pendaki lokal maupun pendaki dari luar Sulawesi."
Sinabung,https://datagunung.com/gunung/Sinabung/info,,Unknown,https://images.unsplash.com/photo-1657790823837-e2ce64fb8785?ixlib=rb-4.0.3&ixid=MnwxMjA3fDB8MHxwaG90by1wYWdlfHx8fGVufDB8fHx8&auto=format&fit=crop&w=800&h=450&q=80,"Gunung Sinabung adalah gunung berapi kerucut yang terletak di Kabupaten Karo, Sumatra Utara, Indonesia. Gunung Sinabung memiliki ketinggian sekitar 2.460 meter di atas permukaan laut dan terletak sekitar 40 km di sebelah barat laut kota Medan.

Gunung Sinabung telah aktif sejak awal abad ke-20, dengan letusan terakhir tercatat pada tahun 2018. Letusan besar terakhir terjadi pada tahun 2010 dan 2014, yang mengakibatkan korban jiwa dan kerusakan lingkungan yang cukup besar di sekitarnya.

Gunung Sinabung tergolong sebagai gunung api stratovolcano, yang terbentuk dari tumpukan lava dan material vulkanik lainnya. Gunung ini memiliki bentuk kerucut yang curam dan terdapat kawah di puncaknya. Kawah ini menjadi pusat letusan dan aktivitas vulkanik di dalamnya.

Meskipun terdapat bahaya dari aktivitas vulkanik Gunung Sinabung, gunung ini juga menjadi daya tarik wisata alam yang populer di Sumatra Utara. Beberapa jalur pendakian tersedia untuk para pendaki yang ingin menaklukkan Gunung Sinabung, meskipun pendakian ke gunung ini sangat tergantung pada status aktivitas vulkaniknya."
Sibuatan,https://datagunung.com/gunung/Sibuatan/info,,Unknown,https://datagunung.com/images/mobile-default-image.webp,Gunung Sibuatan berada di provinsi Sumatra Utara dengan ketinggian 2457 mdpl.
Tandikat,https://datagunung.com/gunung/Tandikat/info,,Unknown,https://datagunung.com/images/mobile-Tandikat.webp,Gunung Tandikat berada di provinsi Sumatra Barat dengan ketinggian 2438 mdpl.
Patuha,https://datagunung.com/gunung/Patuha/info,,Unknown,https://datagunung.com/images/mobile-Patuha.webp,"Terletak di Rancabali, Ciwidey, Kabupaten Bandung, Jawa Barat. Memiliki kawah putih. 

Jalur Pendakian:
Kawah putih
Jalur Cipanganten
Jalur Sunan Rama
Jalur Panceuling
Jalur Mandalawangi"
Tambusisi,https://datagunung.com/gunung/Tambusisi/info,,Unknown,https://datagunung.com/images/mobile-default-image.webp,"Lokasi gunung Tambusisi Terletak di kecamatan Bungku Utara alam kawasan Konservasi Cagar Alam Morowali Utara, dibawah pengawasan Balai Konservasi Sumber Daya Alam (BKSDA), Sulawesi Tengah.

Pendakian Gunung Tambusisi selain menempuh perjalanan darat juga melewati Teluk Tomini, muara Tambayoli, dan sungai."
Pakuwaja,https://datagunung.com/gunung/Pakuwaja/info,,Unknown,https://datagunung.com/images/mobile-default-image.webp,"Terletak di kecamatan Kejajar, kabupaten Wonosobo, Jawa Tengah, memiliki ketinggian 2421 mdpl.
Salah satu keunikan Gunung Pakuwaja terletak pada savana hijaunya  yang sangat indah.
Basecamp pendakian Gunung Pakuwaja berlokasi di desa Parikesit, kecamatan Kejajar."
Tangkelemboke,https://datagunung.com/gunung/Tangkelemboke/info,,Unknown,https://datagunung.com/images/mobile-Tangkelemboke.webp,"Pegunungan Tangkelemboke dengan puncak Osu Nandooto (2.421 mdpl) merupakan puncak tertinggi kedua di Provinsi Sulawesi Tenggara, setelah Gunung Mekongga. Titik puncaknya berada di perbatasan dua kabupaten, yaitu Kabupaten Konawe dan Kabupaten Konawe Utara.

Jalur pendakian menuju Puncak Osu Nandooto baru dibuka pada Agustus 2023 oleh Tim Mahacala UHO, setelah sebelumnya sempat gagal mencapai puncak pada tahun 2014. Hingga saat ini, jalur pendakian masih melalui basecamp utama di Desa Nesoi, Kecamatan Latoma, Kabupaten Konawe, yang terletak di sisi selatan puncak Osu Nandooto.

Fasilitas pendakian belum tersedia, baik di basecamp maupun sepanjang jalur pendakian. Para pendaki bisa menginap di rumah warga atau di rumah Kepala Desa Nesoi.

Untuk mencapai Desa Nesoi dari Kota Kendari, perjalanan dimulai menuju Kota Unaaha (ibu kota kabupaten) dengan waktu tempuh sekitar 1,5 jam. Selanjutnya, perjalanan dilanjutkan dari Unaaha ke Desa Nesoi (Kecamatan Latoma) dengan waktu tempuh kurang lebih 3 jam, tergantung kondisi jalan yang dipengaruhi oleh musim. Saat musim hujan, kondisi jalan cenderung memburuk dan memperlambat waktu tempuh.

Saat pertama kali dirintis, jalur pendakian terdiri dari tujuh titik camp sebelum mencapai puncak. Perjalanan dari Basecamp Utama di Desa Nesoi hingga Camp 3 akan menyusuri Sungai Latoma. Di sepanjang jalur ini, kebutuhan air cukup terpenuhi. Namun, mulai dari Camp 3 hingga puncak, ketersediaan air mulai terbatas.

Pegunungan Tangkelemboke dikenal kaya akan keanekaragaman hayati, baik flora maupun fauna. Berbagai jenis tumbuhan dan satwa endemik dapat dijumpai dengan mudah di kawasan ini. Frekuensi perjumpaan dengan anoa (sejenis sapi endemik Sulawesi) cukup tinggi, terutama di jalur antara Camp 4 hingga Camp 7.

Selain anoa, fauna lain yang sering ditemui meliputi burung rangkong, ular piton, tupai, monyet Sulawesi, babi hutan, belut sungai, dan lain sebagainya. Dari sisi flora, beragam jenis tumbuhan seperti anggrek, begonia, kantung semar, pohon cantigi, rotan, palem-paleman, pandan hutan, dan tanaman lainnya tumbuh subur di sepanjang jalur pendakian.

Medan pendakian sangat bervariasi. Dari Basecamp Utama di Desa Nesoi menuju Camp 1 (270 mdpl) melewati jalan setapak dan kebun milik warga. Jalur dari Camp 1 hingga Camp 3 (800 mdpl) menyusuri sungai dan hutan primer. Sedangkan dari Camp 3 hingga puncak, pendaki akan melintasi hutan primer dan wilayah batuan kars yang menantang.

Informasi ini dikontribusikan oleh Tim Mahacala UHO dan Muhammad Aris."
Rore Kautimbu,https://datagunung.com/gunung/Rore Kautimbu/info,,Unknown,https://datagunung.com/images/mobile-default-image.webp,"Gunung Rore Kautimbu memiliki ketinggian 2.400 mdpl, terletak di kabupaten Poso.
Jalur pendakiannya melewati Danau Tambing. Para pendaki melapor ke Pos Operasi Tinombala yang berada di Desa Wuasa, Polsek Lore Utara, dan  di Pos Palang Brimob Sedoa.

Salah satu habitat dari Tarsius,  primata kecil sering disebut sebagai monyet terkecil di dunia, binatang langka dan hewan yang dilindungi di Indonesia."
Bismo,https://datagunung.com/gunung/Bismo/info,,Unknown,https://datagunung.com/images/mobile-Bismo.webp,Gunung Bismo berada di provinsi Jawa Tengah dengan ketinggian 2365 mdpl.
Nokilalaki,https://datagunung.com/gunung/Nokilalaki/info,,Unknown,https://datagunung.com/images/mobile-default-image.webp,"Terletak di Sulawesi Tengah dan termasuk dalam kawasan Taman Nasional Lore Lindu. Gunung Nokilalaki memiliki ketinggian sekitar 2355 mdpl.

Untuk mencapai jalur utama menuju Nokilalaki, dapat dimulai dari persawahan Palolo dan Desa Tongoa."
Malabar,https://datagunung.com/gunung/Malabar/info,,Unknown,https://datagunung.com/images/mobile-Malabar.webp,"Merupakan tipe gunung api yang puncaknya berada di Pangalengan, Kabupaten Bandung, Jawa Barat.
Gunung Malabar merupakan bagian dari rangkaian beberapa gunung yang disebut dengan Pegunungan Malabar. Diantaranya terdiri atas Gunung Puntang dengan Puncak Mega (2.222 mdpl), Gunung Haruman (2.141 mdpl) dan Gunung Malabar dengan puncaknya disebut Puncak Besar 2,343 mdpl.

Jalur pendakian:
Jalur Curug Panganten
Jalur Kampung Cinyiruan."
Kembang,https://datagunung.com/gunung/Kembang/info,,Unknown,https://datagunung.com/images/mobile-default-image.webp,"Gunung Kembang berada di kawaasan Wonosobo, Jawa Tengah"
Bromo,https://datagunung.com/gunung/Bromo/info,,Unknown,https://images.unsplash.com/photo-1551172897-36d59dd6b7a1?ixlib=rb-4.0.3&ixid=MnwxMjA3fDB8MHxwaG90by1wYWdlfHx8fGVufDB8fHx8&auto=format&fit=crop&w=800&h=450&q=80,"Gunung Bromo adalah sebuah gunung berapi aktif yang terletak di Jawa Timur, Indonesia. Gunung ini merupakan bagian dari kawasan Taman Nasional Bromo Tengger Semeru, yang juga mencakup Gunung Semeru, gunung tertinggi di Pulau Jawa. Berada pada ketinggian sekitar 2.329 meter di atas permukaan laut, Gunung Bromo menawarkan pemandangan alam yang spektakuler dan menjadi salah satu destinasi wisata paling populer di Indonesia.

Berikut adalah beberapa ciri khas dan deskripsi tentang Gunung Bromo:

Landscape Unik: Gunung Bromo terkenal karena lanskapnya yang unik. Kawah gunung yang aktif, dikelilingi oleh lautan pasir berwarna abu-abu, menciptakan pemandangan yang dramatis dan surreal.

Kawah Bromo: Kawah Gunung Bromo memiliki diameter sekitar 800 meter dan terus mengeluarkan asap putih yang menciptakan pemandangan mistis. Pengunjung dapat mendaki ke puncak kawah untuk melihat pemandangan yang menakjubkan dari ketinggian.

Padang Pasir Lautan Pasir: Di sekitar Gunung Bromo, terdapat lautan pasir luas yang menciptakan suasana gurun. Pengunjung dapat menyaksikan pemandangan ini saat perjalanan menuju kawah, baik dengan berjalan kaki atau naik kuda.

Pemandangan Sunrise yang Memukau: Salah satu momen paling populer di Gunung Bromo adalah matahari terbit. Banyak pengunjung memilih untuk naik ke puncak Bukit Penanjakan untuk menyaksikan pemandangan matahari terbit yang memukau, dengan Gunung Bromo sebagai latar belakang.

Tradisi Keagamaan Tengger: Kawasan sekitar Gunung Bromo dihuni oleh suku Tengger. Masyarakat Tengger memiliki tradisi unik, termasuk upacara adat dan ritual keagamaan yang berkaitan dengan gunung ini.

Aksesibilitas: Meskipun terletak di pedalaman Jawa Timur, Gunung Bromo relatif mudah diakses dari kota-kota terdekat seperti Malang dan Probolinggo. Wisatawan dapat menggunakan kendaraan pribadi atau memanfaatkan layanan tur wisata yang tersedia.

Gunung Bromo tidak hanya menarik bagi para pecinta alam dan pendaki gunung, tetapi juga bagi mereka yang tertarik dengan keindahan alam yang eksotis dan warisan budaya Indonesia."
Bukit Raya,https://datagunung.com/gunung/Bukit Raya/info,,Unknown,https://datagunung.com/images/mobile-Bukit Raya.webp,"Pegunungan Bukit Raya berada dalam area Taman Nasional Bukit Baka Bukit Raya, yang berada di  provinsi Kalimantan Tengah dan berbatasan dengan provinsi Kalimantan Barat. Gunung ini dikategorikan sebagai salah satu dari 7 puncak tertinggi di Indonesia."
Batukaru,https://datagunung.com/gunung/Batukaru/info,,Unknown,https://datagunung.com/images/mobile-default-image.webp,"Merupakan gunung api yang tidak aktif, terletak di Kecamatan Penebel, Kabupaten Tabanan, Bali.

Jalur pendakian:
- Via Desa Jatiluwih, Kecamatan Penebel.
- Via Desa Wongaya Gede.
- Via Desa Pujungan, Kecamatan Pupuan.

Pada lereng Gunung Batukaru, kita dapat menemukan Pura Luhur Batukaru."
Bratan,https://datagunung.com/gunung/Bratan/info,,Unknown,https://datagunung.com/images/mobile-default-image.webp,Gunung Bratan berada di provinsi Bali dengan ketinggian 2276 mdpl.
Sago,https://datagunung.com/gunung/Sago/info,,Unknown,https://datagunung.com/images/mobile-Sago.webp,Gunung Sago berada di provinsi Sumatra Barat dengan ketinggian 2271 mdpl.
Bulu Mopeaanooleo,https://datagunung.com/gunung/Bulu Mopeaanooleo/info,,Unknown,https://datagunung.com/images/mobile-Bulu-Mopeaanooleo.webp,"Bulu Mopeaanooleo merupakan gunung dengan ketinggian 2.265 meter di atas permukaan laut. Gunung ini terletak di wilayah Desa Puncak Monapa, Kecamatan Lasusua, Kabupaten Kolaka Utara, Provinsi Sulawesi Tenggara.

Rute atau jalur pendakian di gunung ini pertama kali dirintis pada tahun 2012 oleh Tim Ekspedisi Lentera Wanabaya Mahacala UHO. Basecamp induk berada di Desa Puncak Monapa pada ketinggian 225 mdpl.

Kondisi hutan saat perintisan tergolong cukup baik. Vegetasi hutan masih rapat dan banyak ditemukan sumber air di sepanjang jalur pendakian.

Berbagai jenis fauna dapat dijumpai di Bulu Mopeaanooleo, seperti lipan, siput, katak, pacet, elang hitam, berbagai jenis burung, lebah, kupu-kupu, ular piton, dan tarsius. Jejak dan kotoran anoa juga sering ditemukan di jalur pendakian pada saat itu.

Adapun jenis flora yang dapat ditemui selama pendakian antara lain anggrek, kantung semar, pohon cantigi, pandan hutan, kayu putih, berbagai jenis palem-paleman, rotan, serta tumbuhan paku-pakuan.

Informasi ini dikontribusikan oleh Tim Mahacala UHO dan Muhammad Aris."
Guntur,https://datagunung.com/gunung/Guntur/info,,Unknown,https://datagunung.com/images/mobile-Guntur.webp,"Gunung Guntur di Kabupaten Garut, Jawa Barat meiliki jalur pendakian yang relatif mudah dan singkat, namun menyajikan pemandangan yang indah."
Inierie,https://datagunung.com/gunung/Inierie/info,,Unknown,https://datagunung.com/images/mobile-Inierie.webp,Gunung Inierie berada di provinsi Nusa Tenggara Timur dengan ketinggian 2245 mdpl.
Sibayak,https://datagunung.com/gunung/Sibayak/info,,Unknown,https://datagunung.com/images/mobile-Sibayak.webp,Gunung Sibayak berada di provinsi Sumatra Utara dengan ketinggian 2212 mdpl.
Salak,https://datagunung.com/gunung/Salak/info,,Unknown,https://datagunung.com/images/mobile-Salak.webp,"Kawasan Gunung Salak termasuk ke dalam wilayah Kabupaten Sukabumi dan Kabupaten Bogor, Jawa Barat.
Tipe Gunung Salak adalah gunung api strato.
Asal nama Gunung Salak berasal dari kata bahasa Sanskerta, salaka yang berarti ""perak"".
Beberapa jalur pendakian menuju Puncak Salak 1 atau Puncak Manik:

Jalur Cimelati, yang pintu masuknya berada di desa Pasawahan, Cicurug. Jalur pendakian ini merupakan jalur terpendek untuk mencapai Puncak Salak I.
Jalur Cidahu, Sukabumi.
Jalur Pasir Reungit, Kec. Pamijahan melalui Kawah Ratu, dekat Gunung Bunder. Jalur Pasir Reungit merupakan jalur yang terpanjang dibandingkan jalur pendakian lainnya.
Jalur Ajisaka, terletak di Desa Cijambu, Bogor.
Jalur pendakian Melalui Curug Pilung, terletak di Desa Cipeundeuy, Bogor.
Jalur pendakian melalui Curug Nangka."
Talagabodas,https://datagunung.com/gunung/Talagabodas/info,,Unknown,https://datagunung.com/images/mobile-default-image.webp,Gunung Talagabodas berada di provinsi Jawa Barat dengan ketinggian 2201 mdpl.
Rogojembangan,https://datagunung.com/gunung/Rogojembangan/info,,Unknown,https://datagunung.com/images/mobile-default-image.webp,"Gunung yang populer dikunjungi pendaki daerah Pekalongan.

Terima kasih untuk rekan Munif yang telah memberi saran untuk mendata gunung ini."
Galunggung,https://datagunung.com/gunung/Galunggung/info,,Unknown,https://datagunung.com/images/mobile-Galunggung.webp,"Terletak di Kabupaten Tasikmalaya, Jawa Barat. Gunung Galunggung adalah gunung api yang bertipe strato.
Gunung ini memiliki 2 puncak yaitu Puncak Dinding Ari dan Puncak Beuticanar.
Jalur pendakian:
Jalur Cigalontang atau wilayah Geger Hanjuang, Desa Linggamulya, Kecamatan Leuwisari, Kabupaten Tasikmalaya.
Untuk mencapai kawah Gunung Galunggung bisa berjalan melalui anak tangga yang berjumlah sekitar 620 atau juga bisa memanfaatkan jasa ojek.

Daya tarik yang lain di kawasan Gunung Galunggung adalah adanya Curug Agung."
Gunung Toba,https://datagunung.com/gunung/Gunung Toba/info,,Unknown,https://datagunung.com/images/mobile-Toba.webp,Gunung Gunung Toba berada di provinsi Sumatra Utara dengan ketinggian 2157 mdpl.
Abang,https://datagunung.com/gunung/Abang/info,,Unknown,https://datagunung.com/images/mobile-Abang.webp,"Memiliki ketinggi 2151 mdpl, terletak di Kabupaten Bangli, Kecamatan Kintamani, Bali.
Tergolong gunung api yang tidak aktif.

Jalur pendakian melalui Desa Suter atau Desa Songan."
Kunyit,https://datagunung.com/gunung/Kunyit/info,,Unknown,https://datagunung.com/images/mobile-Kunyit.webp,Gunung Kunyit berada di provinsi Bengkulu dengan ketinggian 2151 mdpl.
Sorikmarapi,https://datagunung.com/gunung/Sorikmarapi/info,,Unknown,https://datagunung.com/images/mobile-Sorikmarapi.webp,Gunung Sorikmarapi berada di provinsi Sumatra Utara dengan ketinggian 2145 mdpl.
Osu Porema,https://datagunung.com/gunung/Osu Porema/info,,Unknown,https://datagunung.com/images/mobile-Bulu-Porema.webp,"Gunung Porema, lebih dikenal dengan nama Bulu Porema sesuai Peta Topografi keluaran Bakosurtanal (sekarang dikenal sebagai Badan Informasi Geospasial / BIG), memiliki puncak tertinggi dengan ketinggian 2.242 meter di atas permukaan laut (mdpl). Gunung ini terletak di wilayah Kecamatan Pakue Tengah, Kabupaten Kolaka Utara, Provinsi Sulawesi Tenggara.

Gunung Porema merupakan gunung tertinggi keempat di daratan Provinsi Sulawesi Tenggara, setelah Gunung Mekongga, Gunung Nandooto, dan Gunung Mopeaanooleo.

Jalur pendakian pertama kali dibuka atau dirintis oleh Mahasiswa Pencinta Alam Universitas Halu Oleo (Mahacala UHO) pada tahun 2016, melalui Desa Kondara, Kecamatan Pakue, dalam waktu 6 hari perjalanan.

Perjalanan dimulai dengan menyusuri Sungai Olooloho yang memiliki arus cukup kuat. Sepanjang jalur pendakian, kondisi vegetasi masih tergolong baik. Beberapa jenis vegetasi tumbuh liar di sepanjang jalur, di antaranya kayu besi, anggrek, kantung semar, rotan, dan berbagai jenis palem-paleman.

Sebelum mencapai puncak, pendaki juga akan menjumpai tanda-tanda aktivitas petani madu hutan. Pada ketinggian 1.000–2.000 mdpl, jalur pendakian melewati batuan karst yang diselimuti lumut. Di jalur ini juga ditemukan beberapa jenis fauna, seperti anoa, babi hutan, monyet Sulawesi, dan burung rangkong.

Informasi ini dikontribusikan oleh Tim Mahacala UHO dan Muhammad Aris."
Windu,https://datagunung.com/gunung/Windu/info,,Unknown,https://datagunung.com/images/mobile-default-image.webp,"Gunung Wayang merupakan gunung berapi kembar yang terdiri dari Gunung Wayang dan Gunung Windu, terletak di sebelah timur kota Pangalengan, Kabupaten Bandung di Jawa Barat."
Sagara,https://datagunung.com/gunung/Sagara/info,,Unknown,https://datagunung.com/images/mobile-default-image.webp,Gunung Sagara berada di provinsi Jawa Barat dengan ketinggian 2132 mdpl.
Ebulobo,https://datagunung.com/gunung/Ebulobo/info,,Unknown,https://datagunung.com/images/mobile-Ebulobo.webp,Gunung Ebulobo berada di provinsi Nusa Tenggara Timur dengan ketinggian 2124 mdpl.
Ranaka,https://datagunung.com/gunung/Ranaka/info,,Unknown,https://datagunung.com/images/mobile-default-image.webp,Gunung Ranaka berada di provinsi Nusa Tenggara Timur dengan ketinggian 2100 mdpl.
Tanggamus,https://datagunung.com/gunung/Tanggamus/info,,Unknown,https://datagunung.com/images/mobile-default-image.webp,Gunung Tanggamus berada di provinsi Lampung dengan ketinggian 2100 mdpl.
Catur,https://datagunung.com/gunung/Catur/info,,Unknown,https://datagunung.com/images/mobile-default-image.webp,"Memiliki ketinggian 2096 mdpl, berlokasi di Banjar Tinggan, Desa Pelaga, Kecamatan Petang, Kabupaten Badung.
Puncak Gunung Catur sering disebut Pucak Mangu, hal ini dikarenakan di puncak gunung ini terdapat sebuah pura yang bernama pura Pucak Mangu.

Jalur pendakian via kawasan wisata Bedugul atau via Desa Petang."
Tangkuban Perahu,https://datagunung.com/gunung/Tangkuban Perahu/info,,Unknown,https://datagunung.com/images/mobile-Tangkuban Perahu.webp,"erletak di Desa Ciater, Kabupaten Subang, Provinsi Jawa Barat.
Sejumlah kawah aktif di kawasan Gunung Tangkuban Parahu  Kawah Ratu, Kawah Upas, Kawah Baru dan Kawah Doma.

Jalur pendakian dari kabupaten Bandung Barat:
Via Jayagiri Lembang
Via Sukawana Karyawangi Parongpong"
Sanghyang,https://datagunung.com/gunung/Sanghyang/info,,Unknown,https://datagunung.com/images/mobile-default-image.webp,"Memiliki ketinggian 2.074 mdpl, merupakan gunung strato tidak aktif yang terletak di wilayah vulkanik Bedugul, Senganan, Kecamatan Penebel, Kabupaten Tabanan, Bali.
Dikenal juga dengan nama Gunung Sengjang atau Gunung Sengayang.
Jalur pendakian via jalur utama Bedugul lalu ke Bukit Wanagiri dan Desa Tamblingan."
Pohen,https://datagunung.com/gunung/Pohen/info,,Unknown,https://datagunung.com/images/mobile-default-image.webp,"Memiliki ketinggian 2063 mdpl, terletak di Kabupaten Tabanan, Bali, Indonesia.
 Kawasan Gunung Pohen ditetapkan sebagai bagian dari Cagar Alam Batukahu."
Bukit Lumut Balai,https://datagunung.com/gunung/Bukit Lumut Balai/info,,Unknown,https://datagunung.com/images/mobile-default-image.webp,Gunung Bukit Lumut Balai berada di provinsi Sumatra Selatan dengan ketinggian 2055 mdpl.
Burangrang,https://datagunung.com/gunung/Burangrang/info,,Unknown,https://datagunung.com/images/mobile-Burangrang.webp,
Ungaran,https://datagunung.com/gunung/Ungaran/info,,Unknown,https://datagunung.com/images/mobile-Ungaran.webp,"Gunung yang ramah untuk pendaki pemula, tergolong jenis Stratovolcano.Pada kawasan ini juga terdapat Candi Gedong Songo. Gunung Ungaran memiliki beberapa puncak yaitu Puncak Ungaran, Gendol, dan Botak."
Gawalise,https://datagunung.com/gunung/Gawalise/info,,Unknown,https://datagunung.com/images/mobile-default-image.webp,Gunung Gawalise berada di provinsi Sulawesi Tengah dengan ketinggian 2023 mdpl.
Hutapanjang,https://datagunung.com/gunung/Hutapanjang/info,,Unknown,https://datagunung.com/images/mobile-default-image.webp,Gunung Hutapanjang berada di provinsi Sumatra Utara dengan ketinggian 2021 mdpl.
Klabat,https://datagunung.com/gunung/Klabat/info,,Unknown,https://datagunung.com/images/mobile-default-image.webp,Gunung Klabat berada di provinsi Sulawesi Utara dengan ketinggian 1995 mdpl.
Belirang Beriti,https://datagunung.com/gunung/Belirang-Beriti/info,,Unknown,https://datagunung.com/images/mobile-default-image.webp,Gunung Belirang-Beriti berada di provinsi Sumatra Selatan dengan ketinggian 1958 mdpl.
Kaba,https://datagunung.com/gunung/Kaba/info,,Unknown,https://datagunung.com/images/mobile-default-image.webp,Gunung Kaba berada di provinsi Bengkulu dengan ketinggian 1952 mdpl.
Sangeang Api,https://datagunung.com/gunung/Sangeang Api/info,,Unknown,https://datagunung.com/images/mobile-default-image.webp,Gunung Sangeang Api berada di provinsi Nusa Tenggara Barat dengan ketinggian 1949 mdpl.
Halimun,https://datagunung.com/gunung/Halimun/info,,Unknown,https://datagunung.com/images/mobile-Halimun.webp,"Bertipe Stratovolcano terletak di Kabupaten Bogor dan Kabupaten Sukabumi (Jawa Barat) serta Kabupaten Lebak (Banten). Memiliki ketinggian 1.929 mdpl. Termasuk ke dalam kawasan wilayah Taman Nasional Gunung Halimun-Salak (TNGHS).
“Halimun’“ dalam bahasa Sunda berarti ""berawan"" atau ""berkabut""."
Tapak,https://datagunung.com/gunung/Tapak/info,,Unknown,https://datagunung.com/images/mobile-default-image.webp,"Memiliki ketinggian 1909 mdpl, terletak di daerah Bedugul, Bali.
Beberapa  jalur pendakian: 
- Via Kebun Raya Eka Bedugul.
- Via kawasan bekas Geotermal Bedugul."
Halau Halau,https://datagunung.com/gunung/Halau-Halau/info,,Unknown,https://datagunung.com/images/mobile-default-image.webp,"Gunung Halau-Halau atau Gunung Besar adalah gunung yang berlokasi di perbatasan tiga kabupaten, yaitu kabupaten Tanah Bumbu, kabupaten Hulu Sungai Tengah dan  Kabupaten Hulu Sungai Selatan, Kalimantan Selatan.

Gunung Halau-Halau Memiliki ketinggian 1901 mdpl, merupakan puncak tertinggi di Kalimantan Selatan."
Telomoyo,https://datagunung.com/gunung/Telomoyo/info,,Unknown,https://datagunung.com/images/mobile-Telomoyo.webp,"Gunung Telomoyo berada di area kecamatan Ngablak dan Grabag, wilayah perbatasan antara Kabupaten Semarang dan Kabupaten Magelang, Jawa Tengah.
Pengunjung dapat mendaki gunung Telomoyo melalui jalur trekking, menggunakan transportasi mobil atau motor."
Ranau,https://datagunung.com/gunung/Ranau/info,,Unknown,https://datagunung.com/images/mobile-default-image.webp,Gunung Ranau berada di provinsi Sumatra Selatan dengan ketinggian 1881 mdpl.
Lesung,https://datagunung.com/gunung/Lesung/info,,Unknown,https://datagunung.com/images/mobile-default-image.webp,"Memiliki ketinggian 1865 mdpl, terletak di Desa Munduk, Kecamatan Banjar, Kabupaten Buleleng, Bali.
Jalur pendakian:
- Via Desa Tamblingan
- Via  Desa Kayuputih"
Lubukraya,https://datagunung.com/gunung/Lubukraya/info,,Unknown,https://datagunung.com/images/mobile-default-image.webp,Gunung Lubukraya berada di provinsi Sumatra Utara dengan ketinggian 1862 mdpl.
Adeng,https://datagunung.com/gunung/Adeng/info,,Unknown,https://datagunung.com/images/mobile-default-image.webp,"Memiliki ketinggian 1826 mdpl, terletak di Kecamatan Baturiti, Kabupaten Tabanan, Bali.

Pendakian dapat dimulai dari Desa Angseri, melalui kawasan wisata Bedugul."
Sibualbuali,https://datagunung.com/gunung/Sibualbuali/info,,Unknown,https://datagunung.com/images/mobile-default-image.webp,Gunung Sibualbuali berada di provinsi Sumatra Utara dengan ketinggian 1819 mdpl.
Manglayang,https://datagunung.com/gunung/Manglayang/info,,Unknown,https://datagunung.com/images/mobile-default-image.webp,Gunung Manglayang berada di provinsi Jawa Barat dengan ketinggian 1818 mdpl.
Seulawah Agam,https://datagunung.com/gunung/Seulawah Agam/info,,Unknown,https://datagunung.com/images/mobile-default-image.webp,Gunung Seulawah Agam berada di provinsi Aceh dengan ketinggian 1810 mdpl.
Ambang,https://datagunung.com/gunung/Ambang/info,,Unknown,https://datagunung.com/images/mobile-default-image.webp,Gunung Ambang berada di provinsi Sulawesi Utara dengan ketinggian 1795 mdpl.
Sidole,https://datagunung.com/gunung/Sidole/info,,Unknown,https://datagunung.com/images/mobile-default-image.webp,"Terletak di Parigi Moutong, Sulawesi Tengah, Indonesia. Tepatnya di daerah perbatasan Kabupaten Donggala dan Kabupaten Parigi Moutong.
Gunung Sidole memiliki ketinggian 1785 mdpl.
Pendakian dapat dimulai dari sisi Barat melalui desa Taripa Kecamatan Sindue di Donggala. Pendakian melalui jalur Timur dapat dimulai dari desa Alo'o, kecamatan Ampibabo Parigi Moutong."
Karangetang,https://datagunung.com/gunung/Karangetang/info,,Unknown,https://datagunung.com/images/mobile-Karangetan.webp,Gunung Karangetang berada di provinsi Sulawesi Utara dengan ketinggian 1784 mdpl.
Soputan,https://datagunung.com/gunung/Soputan/info,,Unknown,https://datagunung.com/images/mobile-default-image.webp,Gunung Soputan berada di provinsi Sulawesi Utara dengan ketinggian 1784 mdpl.
Karang,https://datagunung.com/gunung/Karang/info,,Unknown,https://datagunung.com/images/mobile-default-image.webp,Gunung Karang berada di provinsi Banten dengan ketinggian 1778 mdpl.
Kerenceng,https://datagunung.com/gunung/Kerenceng/info,,Unknown,https://datagunung.com/images/mobile-default-image.webp,"Gunung Kerenceng terletak di Kabupaten Sumedang, Provinsi Jawa Barat, tepatnya di perbatasan Kabupaten Sumedang dan Cicalengka, Kabupaten Bandung. 
Gunung Kerenceng memiliki ketinggian 1754 mdpl.

Untuk mencapai lokasi gunung ini, dapat dijangkau dengan transportasi umum ke arah Garut dan turun di Baypass Cicalengka. Dari pasar Cicalengka dapat menggunakan ojek ke arah Desa Jambu Air atau Desa Situhiang. 
Terdapat 2 jalur pendakian yaitu dari Kampung Jambu Air atau melalui jalur Kampung Situhiang yang berada di Desa Tegal Manggung."
Kelud,https://datagunung.com/gunung/Kelud/info,,Unknown,https://datagunung.com/images/mobile-default-image.webp,Gunung Kelud berada di provinsi Jawa Timur dengan ketinggian 1731 mdpl.
Tidore,https://datagunung.com/gunung/Tidore/info,,Unknown,https://datagunung.com/images/mobile-default-image.webp,Gunung Tidore berada di provinsi Maluku Utara dengan ketinggian 1730 mdpl.
Kamojang,https://datagunung.com/gunung/Kamojang/info,,Unknown,https://datagunung.com/images/mobile-default-image.webp,Gunung Kamojang berada di provinsi Jawa Barat dengan ketinggian 1730 mdpl.
Andong,https://datagunung.com/gunung/Andong/info,,Unknown,https://datagunung.com/images/mobile-Andong.webp,"Terletak di Desa Ngablak di Kecamatan Ngablak dan Desa Tlogorejo di Kecamatan Grabag, Kabupaten Magelang, Jawa Tengah.
Gunung Andong bersebelahan dengan Gunung Telomoyo. Pada lereng Gunung Andong terdapat Hutan Wisata Mangli. 
Gunung Andong memiliki 4 puncak: Puncak Makam, Jiwa, Andong, dan Alap-alap."
Sekincau Belirang,https://datagunung.com/gunung/Sekincau Belirang/info,,Unknown,https://datagunung.com/images/mobile-default-image.webp,Gunung Sekincau Belirang berada di provinsi Lampung dengan ketinggian 1719 mdpl.
Batur,https://datagunung.com/gunung/Batur/info,,Unknown,https://images.unsplash.com/photo-1508591086314-d7deb00cede9?ixlib=rb-4.0.3&ixid=MnwxMjA3fDB8MHxwaG90by1wYWdlfHx8fGVufDB8fHx8&auto=format&fit=crop&w=800&h=450&q=80,"Terletak di kecamatan Kintamani, kabupaten Bangli, Bali.
Memiliki beberapa rute pendakian diantaranya:
- Via Pura Pasar Agung
- Via Toya Bungkah 
- Via Serongga
- Via Bukit Mentik

Di Gunung Batur terdapat aliran air yang mengalir ke Danau Batur, danau terbesar di Bali."
Gamalama,https://datagunung.com/gunung/Gamalama/info,,Unknown,https://datagunung.com/images/mobile-Gamalama.webp,"Gunung Gamalama merupakan gunung berapi aktif yang berada di pulau Ternate, provinsi Maluku Utara."
Egon,https://datagunung.com/gunung/Egon/info,,Unknown,https://datagunung.com/images/mobile-default-image.webp,Gunung Egon berada di provinsi Nusa Tenggara Timur dengan ketinggian 1703 mdpl.
Lewotobi Perempuan,https://datagunung.com/gunung/Lewotobi Perempuan/info,,Unknown,https://datagunung.com/images/mobile-default-image.webp,Gunung Lewotobi Perempuan berada di provinsi Nusa Tenggara Timur dengan ketinggian 1703 mdpl.
Perbakti,https://datagunung.com/gunung/Perbakti/info,,Unknown,https://datagunung.com/images/mobile-default-image.webp,Gunung Perbakti berada di provinsi Jawa Barat dengan ketinggian 1699 mdpl.
Tampomas,https://datagunung.com/gunung/Tampomas/info,,Unknown,https://datagunung.com/images/mobile-default-image.webp,"Terletak di sebelah utara kawasan perkotaan Sumedang. Bertipe Stratovolkano. 
Puncak Gunung Tampomas yang dikenal dengan nama Puncak Sanghiyang Taraje
Terrmasuk dalam area Taman Wisata Alam Gunung Tampomas.
Di kaki Gunung Tampomas terdapat Curug Ciputrawangi

Jalur Pendakian:
Untuk mencapai kawasan puncak Tampomas, ada beberapa jalur pendakian. 
Jalur Narimbang. Di pos pendakian Narimbang terdapat mata air dan curug Ciputrawangi yang terkenal. 
Jalur Cibeureum."
Poco Leok,https://datagunung.com/gunung/Poco Leok/info,,Unknown,https://datagunung.com/images/mobile-default-image.webp,Gunung Poco Leok berada di provinsi Nusa Tenggara Timur dengan ketinggian 1675 mdpl.
Manimporok,https://datagunung.com/gunung/Manimporok/info,,Unknown,https://datagunung.com/images/mobile-default-image.webp,Gunung Manimporok berada di provinsi Sulawesi Selatan dengan ketinggian 1661 mdpl.
Iliboleng,https://datagunung.com/gunung/Iliboleng/info,,Unknown,https://datagunung.com/images/mobile-default-image.webp,Gunung Iliboleng berada di provinsi Nusa Tenggara Timur dengan ketinggian 1659 mdpl.
Penanggungan,https://datagunung.com/gunung/Penanggungan/info,,Unknown,https://datagunung.com/images/mobile-Penanggungan.webp,"Gunung Penanggungan berada sekitar 55 kilometer sebelah timur Kota Surabaya, dekat dengan kota Mojokerto dan Pasuruan. Gunung Penanggungan memiliki ketinggian sekitar 1.653 meter di atas permukaan laut.

Gunung Penanggungan memiliki sejarah dan kebudayaan yang kaya. Pada abad ke-11 hingga ke-15, gunung ini menjadi pusat kerajaan Hindu dan Buddha di Jawa Timur. Terdapat banyak situs bersejarah yang masih dapat ditemukan di sekitar Gunung Penanggungan, seperti candi-candi dan peninggalan arkeologi lainnya.

Terdapat beberapa kompleks candi di area Gunung Penanggungan seperti Gentong, Wisnu, Jolutundo dan Bayi.

Selain nilai sejarah dan arkeologisnya, Gunung Penanggungan juga menawarkan panorama alam yang menakjubkan. Terdapat beberapa jalur pendakian yang dapat dipilih oleh para pendaki, seperti jalur dari Jolotundo, Tamiajeng atau Kedungudi. Pendakian ke puncak gunung ini relatif mudah, dan pemandangan yang ditemui di puncak akan memuaskan para pendaki."
Lamongan,https://datagunung.com/gunung/Lamongan/info,,Unknown,https://datagunung.com/images/mobile-default-image.webp,Gunung Lamongan berada di provinsi Jawa Timur dengan ketinggian 1651 mdpl.
Kelimutu,https://datagunung.com/gunung/Kelimutu/info,,Unknown,https://datagunung.com/images/mobile-default-image.webp,Gunung Kelimutu berada di provinsi Nusa Tenggara Timur dengan ketinggian 1639 mdpl.
Gamkonora,https://datagunung.com/gunung/Gamkonora/info,,Unknown,https://datagunung.com/images/mobile-default-image.webp,Gunung Gamkonora berada di provinsi Maluku Utara dengan ketinggian 1635 mdpl.
Muria,https://datagunung.com/gunung/Muria/info,,Unknown,https://datagunung.com/images/mobile-default-image.webp,Gunung Muria berada di provinsi Jawa Tengah dengan ketinggian 1625 mdpl.
Magaringsai,https://datagunung.com/gunung/Magaringsai/info,,Unknown,https://datagunung.com/images/mobile-default-image.webp,"Terletak di kawasan desa Lok Lahung kandangan, kabupaten Hulu Sungai Selatan, Kalimantan Selatan.
Jalur pendakian via desa Manakili.
Gunung Magaringsai memiki ketinggian 1600 mdpl."
Saeng,https://datagunung.com/gunung/Saeng/info,,Unknown,https://datagunung.com/images/mobile-default-image.webp,"Gunung Saeng terletak di Bondowoso, berdekatan dengan Gunung Piramid. Jalur pendakian dapat ditempuh melalui Desa Ardisaeng atau melalui Sumber Waru, Binakal.

Perhutani KPH Bondowoso secara resmi melarang aktivitas pendakian di Gunung Saeng terhitung sejak 7 Mei 2025. Keputusan ini diambil dengan mempertimbangkan risiko kecelakaan akibat medan pendakian yang curam."
Lewotobi Laki laki,https://datagunung.com/gunung/Lewotobi Laki-laki/info,,Unknown,https://datagunung.com/images/mobile-default-image.webp,Gunung Lewotobi Laki-laki berada di provinsi Nusa Tenggara Timur dengan ketinggian 1584 mdpl.
Lokon,https://datagunung.com/gunung/Lokon/info,,Unknown,https://datagunung.com/images/mobile-default-image.webp,Gunung Lokon berada di provinsi Sulawesi Utara dengan ketinggian 1580 mdpl.
Lokon Empung,https://datagunung.com/gunung/Lokon-Empung/info,,Unknown,https://datagunung.com/images/mobile-default-image.webp,Gunung Lokon-Empung berada di provinsi Sulawesi Utara dengan ketinggian 1580 mdpl.
Inielika,https://datagunung.com/gunung/Inielika/info,,Unknown,https://datagunung.com/images/mobile-default-image.webp,Gunung Inielika berada di provinsi Nusa Tenggara Timur dengan ketinggian 1559 mdpl.
Sempu,https://datagunung.com/gunung/Sempu/info,,Unknown,https://datagunung.com/images/mobile-default-image.webp,Gunung Sempu berada di provinsi Sulawesi Utara dengan ketinggian 1549 mdpl.
Kiaraberes Gagak,https://datagunung.com/gunung/Kiaraberes-Gagak/info,,Unknown,https://datagunung.com/images/mobile-default-image.webp,Gunung Kiaraberes-Gagak berada di provinsi Jawa Barat dengan ketinggian 1511 mdpl.
Imun,https://datagunung.com/gunung/Imun/info,,Unknown,https://datagunung.com/images/mobile-default-image.webp,Gunung Imun berada di provinsi Sumatra Utara dengan ketinggian 1505 mdpl.
Sukaria,https://datagunung.com/gunung/Sukaria/info,,Unknown,https://datagunung.com/images/mobile-default-image.webp,Gunung Sukaria berada di provinsi Nusa Tenggara Timur dengan ketinggian 1500 mdpl.
Kahung,https://datagunung.com/gunung/Kahung/info,,Unknown,https://datagunung.com/images/mobile-default-image.webp,"Gunung Kahung memiliki ketinggian 1456 mdpl, terletak di desa Belangian, kecamatan Aranio, kabupaten Banjar, Kalimantan Selatan.

Jalur pendakian bisa dimulai dari Banjarbaru menuju ke arah desa Tiwingan, perjalanan dilanjutkan dengan menggunakan perahu bermesin atau disebut ‘kelotok’."
Lewotolo,https://datagunung.com/gunung/Lewotolo/info,,Unknown,https://datagunung.com/images/mobile-default-image.webp,Gunung Lewotolo berada di provinsi Nusa Tenggara Timur dengan ketinggian 1423 mdpl.
Ili Lewotolok,https://datagunung.com/gunung/Ili Lewotolok/info,,Unknown,,Gunung Ili Lewotolok berada di provinsi  dengan ketinggian 1423 mdpl.
Punikan,https://datagunung.com/gunung/Punikan/info,,Unknown,https://datagunung.com/images/mobile-default-image.webp,Gunung Punikan berada di provinsi Nusa Tenggara Barat dengan ketinggian 1418 mdpl.
Merbuk,https://datagunung.com/gunung/Merbuk/info,,Unknown,https://datagunung.com/images/mobile-default-image.webp,Gunung Merbuk berada di provinsi Bali dengan ketinggian 1386 mdpl.
Kie Besi,https://datagunung.com/gunung/Kie Besi/info,,Unknown,https://datagunung.com/images/mobile-default-image.webp,Gunung Kie Besi berada di provinsi Maluku Utara dengan ketinggian 1357 mdpl.
Bulu Saraung,https://datagunung.com/gunung/Bulu Saraung/info,,Unknown,https://datagunung.com/images/mobile-default-image.webp,"Gunung ini berada di desa Tompio Bulu Kabupaten Pangkep, Sulawesi Selatan dan memiliki ketinggian sekitar 1.353 mdpl.
Gunung ini termasuk dalam kawasan Taman Nasional Bantimurung Bulusaraung dan habitat kera hitam dari berbagai macam kupu-kupu."
Pulosari,https://datagunung.com/gunung/Pulosari/info,,Unknown,https://datagunung.com/images/mobile-default-image.webp,Gunung Pulosari berada di provinsi Banten dengan ketinggian 1346 mdpl.
Dukono,https://datagunung.com/gunung/Dukono/info,,Unknown,https://datagunung.com/images/mobile-Dukono.webp,"Gunung Dukono adalah sebuah gunung berapi yang terletak di pulau Halmahera, bagian dari provinsi Maluku Utara, Indonesia. Gunung ini dikenal sebagai salah satu gunung berapi yang aktif di Indonesia. Dukono terletak di bagian utara Halmahera dan merupakan bagian dari Cincin Api Pasifik, yang merupakan zona seismik aktif di mana sejumlah besar gunung berapi terletak.

Gunung Dukono memiliki ketinggian sekitar 1.335 meter di atas permukaan laut. Berikut adalah beberapa karakteristik umum dari Gunung Dukono:

Aktivitas Erupsi: Gunung Dukono dikenal sebagai gunung berapi yang aktif. Aktivitas erupsi dapat terjadi dengan frekuensi yang bervariasi, dan letusan-letusan kecil hingga sedang sering terjadi.

Bentuk Fisik: Secara morfologi, Gunung Dukono memiliki bentuk kerucut yang curam dengan lereng yang relatif curam. Karena aktivitas vulkaniknya, gunung ini dapat mengalami perubahan bentuk seiring waktu akibat letusan dan aliran lava.

Komposisi Material Vulkanik: Gunung Dukono, seperti kebanyakan gunung berapi di Indonesia, terbentuk dari material vulkanik, termasuk lava, abu vulkanik, dan batuan piroklastik lainnya.

Kawasan Seismik Aktif: Gunung Dukono terletak di Cincin Api Pasifik, yang merupakan kawasan seismik aktif di dunia. Daerah ini dikenal karena aktivitas tektoniknya yang tinggi, termasuk pertemuan lempeng tektonik yang dapat menyebabkan gempa bumi dan letusan gunung berapi.

Kawasan Rawan Bencana: Sebagai gunung berapi aktif, daerah sekitar Gunung Dukono dianggap rawan bencana. Erupsi dapat menghasilkan aliran piroklastik, awan panas, lahar, dan hujan abu vulkanik, yang semuanya dapat menjadi ancaman bagi masyarakat yang tinggal di sekitarnya."
Hauk,https://datagunung.com/gunung/Hauk/info,,Unknown,https://datagunung.com/images/mobile-default-image.webp,"Gunung Hauk berlokasi di  Desa Ajung, Kecamatan Tinggi, Kabupaten Balangan, Kalimantan Selatan.
Gunung Hauk memiliki ketinggian 1325 mdpl, merupakan rangkaian dari pegunungan Meratus.
Jalur pendakian melalui desa Ajung, yang bisa diakses dari Barabai-Birayang ataupun Paringin/ Balangan.

Pendakian menempuh jalan darat juga termasuk menyeberangi sungai."
Ibu,https://datagunung.com/gunung/Ibu/info,,Unknown,https://datagunung.com/images/mobile-default-image.webp,Gunung Ibu berada di provinsi Maluku Utara dengan ketinggian 1325 mdpl.
Mahawu,https://datagunung.com/gunung/Mahawu/info,,Unknown,https://datagunung.com/images/mobile-default-image.webp,Gunung Mahawu berada di provinsi Sulawesi Utara dengan ketinggian 1324 mdpl.
Awu,https://datagunung.com/gunung/Awu/info,,Unknown,https://datagunung.com/images/mobile-default-image.webp,Gunung Awu berada di provinsi Sulawesi Utara dengan ketinggian 1320 mdpl.
Sanggabuana,https://datagunung.com/gunung/Sanggabuana/info,,Unknown,https://datagunung.com/images/mobile-default-image.webp,Gunung Sanggabuana berada di provinsi Jawa Barat dengan ketinggian 1291 mdpl.
Rorokoan,https://datagunung.com/gunung/Rorokoan/info,,Unknown,https://datagunung.com/images/mobile-default-image.webp,"Gunung Rorokoan dengan ketinggian 1284 mdpl, terletak di kawasan wisata Loksado, kabupaten Hulu Sungai Selatan, Kalimantan Selatan."
Rajabasa,https://datagunung.com/gunung/Rajabasa/info,,Unknown,https://datagunung.com/images/mobile-default-image.webp,Gunung Rajabasa berada di provinsi Lampung dengan ketinggian 1281 mdpl.
Baluran,https://datagunung.com/gunung/Baluran/info,,Unknown,https://datagunung.com/images/mobile-default-image.webp,Gunung Baluran berada di provinsi Jawa Timur dengan ketinggian 1247 mdpl.
Tampusu,https://datagunung.com/gunung/Tampusu/info,,Unknown,https://datagunung.com/images/mobile-default-image.webp,Gunung Tampusu berada di provinsi Sulawesi Utara dengan ketinggian 1206 mdpl.
Tondano,https://datagunung.com/gunung/Tondano/info,,Unknown,https://datagunung.com/images/mobile-default-image.webp,Gunung Tondano berada di provinsi Sulawesi Utara dengan ketinggian 1202 mdpl.
Aseupan,https://datagunung.com/gunung/Aseupan/info,,Unknown,https://datagunung.com/images/mobile-default-image.webp,Gunung Aseupan berada di provinsi Banten dengan ketinggian 1174 mdpl.
Karaha,https://datagunung.com/gunung/Karaha/info,,Unknown,https://datagunung.com/images/mobile-default-image.webp,Gunung Karaha berada di provinsi Jawa Barat dengan ketinggian 1155 mdpl.
Tilu,https://datagunung.com/gunung/Tilu/info,,Unknown,https://datagunung.com/images/mobile-Tilu.webp,"Terletak dekat perbatasan Kabupaten Kuningan, Jawa Barat dan Kabupaten Brebes, Jawa Tengah.
Gunung Tilu yang diantaranya memiliki memiliki beberapa puncak tertinggi yaitu puncak Gunung Tilu (1.076 mdpl), puncak Sukmana (1.154 mdpl) dan satu puncak (1.112 mdpl)."
Tongkoko,https://datagunung.com/gunung/Tongkoko/info,,Unknown,https://datagunung.com/images/mobile-default-image.webp,Gunung Tongkoko berada di provinsi Sulawesi Utara dengan ketinggian 1149 mdpl.
Jailolo,https://datagunung.com/gunung/Jailolo/info,,Unknown,https://datagunung.com/images/mobile-default-image.webp,Gunung Jailolo berada di provinsi Maluku Utara dengan ketinggian 1130 mdpl.
Leroboleng,https://datagunung.com/gunung/Leroboleng/info,,Unknown,https://datagunung.com/images/mobile-default-image.webp,Gunung Leroboleng berada di provinsi Nusa Tenggara Timur dengan ketinggian 1117 mdpl.
Bulu Monrolo,https://datagunung.com/gunung/Bulu Monrolo/info,,Unknown,https://datagunung.com/images/mobile-default-image.webp,Gunung Bulu Monrolo berada di provinsi Sulawesi Selatan dengan ketinggian 1109 mdpl.
Helatoba Tarutung,https://datagunung.com/gunung/Helatoba-Tarutung/info,,Unknown,https://datagunung.com/images/mobile-default-image.webp,Gunung Helatoba-Tarutung berada di provinsi Sumatra Utara dengan ketinggian 1100 mdpl.
Ilimuda,https://datagunung.com/gunung/Ilimuda/info,,Unknown,https://datagunung.com/images/mobile-default-image.webp,Gunung Ilimuda berada di provinsi Nusa Tenggara Timur dengan ketinggian 1100 mdpl.
Hulubelu,https://datagunung.com/gunung/Hulubelu/info,,Unknown,https://datagunung.com/images/mobile-default-image.webp,Gunung Hulubelu berada di provinsi Lampung dengan ketinggian 1040 mdpl.
Tobaru,https://datagunung.com/gunung/Tobaru/info,,Unknown,https://datagunung.com/images/mobile-default-image.webp,Gunung Tobaru berada di provinsi Maluku Utara dengan ketinggian 1035 mdpl.
Amasing,https://datagunung.com/gunung/Amasing/info,,Unknown,https://datagunung.com/images/mobile-default-image.webp,Gunung Amasing berada di provinsi Maluku Utara dengan ketinggian 1030 mdpl.
Ililabalekan,https://datagunung.com/gunung/Ililabalekan/info,,Unknown,https://datagunung.com/images/mobile-default-image.webp,Gunung Ililabalekan berada di provinsi Nusa Tenggara Timur dengan ketinggian 1018 mdpl.
Iliwerung,https://datagunung.com/gunung/Iliwerung/info,,Unknown,https://datagunung.com/images/mobile-default-image.webp,Gunung Iliwerung berada di provinsi Nusa Tenggara Timur dengan ketinggian 1018 mdpl.
Suoh,https://datagunung.com/gunung/Suoh/info,,Unknown,https://datagunung.com/images/mobile-default-image.webp,Gunung Suoh berada di provinsi Lampung dengan ketinggian 1000 mdpl.
Todoko Ranu,https://datagunung.com/gunung/Todoko-Ranu/info,,Unknown,https://datagunung.com/images/mobile-default-image.webp,Gunung Todoko-Ranu berada di provinsi Maluku Utara dengan ketinggian 979 mdpl.
Bongkok,https://datagunung.com/gunung/Bongkok/info,,Unknown,https://datagunung.com/images/mobile-default-image.webp,"Gunung Bongkok adalah sebuah gunung yang terletak di Kabupaten Purwakarta, Jawa Barat. 

Nama ""Bongkok"" sendiri berasal dari bentuk puncaknya yang terlihat membungkuk atau melengkung, sehingga mudah dikenali dari kejauhan.

Bagi para pendaki dan pecinta alam, Gunung Bongkok menawarkan jalur pendakian yang cukup menantang namun masih dapat dijangkau oleh pendaki pemula. Dari puncaknya, pengunjung bisa menikmati pemandangan indah Kabupaten Purwakarta dan sekitarnya."
Moti,https://datagunung.com/gunung/Moti/info,,Unknown,https://datagunung.com/images/mobile-default-image.webp,Gunung Moti berada di provinsi Maluku Utara dengan ketinggian 950 mdpl.
Wai Sano,https://datagunung.com/gunung/Wai Sano/info,,Unknown,https://datagunung.com/images/mobile-default-image.webp,Gunung Wai Sano berada di provinsi Nusa Tenggara Timur dengan ketinggian 903 mdpl.
Bibinoi,https://datagunung.com/gunung/Bibinoi/info,,Unknown,https://datagunung.com/images/mobile-default-image.webp,Gunung Bibinoi berada di provinsi Maluku Utara dengan ketinggian 900 mdpl.
Paluweh,https://datagunung.com/gunung/Paluweh/info,,Unknown,https://datagunung.com/images/mobile-default-image.webp,Gunung Paluweh berada di provinsi Nusa Tenggara Timur dengan ketinggian 875 mdpl.
Wurlali,https://datagunung.com/gunung/Wurlali/info,,Unknown,https://datagunung.com/images/mobile-default-image.webp,Gunung Wurlali berada di provinsi Maluku dengan ketinggian 868 mdpl.
Sirung,https://datagunung.com/gunung/Sirung/info,,Unknown,https://datagunung.com/images/mobile-default-image.webp,Gunung Sirung berada di provinsi Nusa Tenggara Timur dengan ketinggian 862 mdpl.
Krakatau,https://datagunung.com/gunung/Krakatau/info,,Unknown,https://datagunung.com/images/mobile-default-image.webp,Gunung Krakatau berada di provinsi Lampung dengan ketinggian 813 mdpl.
Nila,https://datagunung.com/gunung/Nila/info,,Unknown,https://datagunung.com/images/mobile-default-image.webp,Gunung Nila berada di provinsi Maluku dengan ketinggian 781 mdpl.
Ndete Napu,https://datagunung.com/gunung/Ndete Napu/info,,Unknown,https://datagunung.com/images/mobile-default-image.webp,Gunung Ndete Napu berada di provinsi Nusa Tenggara Timur dengan ketinggian 750 mdpl.
Batu Tara,https://datagunung.com/gunung/Batu Tara/info,,Unknown,https://datagunung.com/images/mobile-default-image.webp,Gunung Batu Tara berada di provinsi Nusa Tenggara Timur dengan ketinggian 748 mdpl.
Ruang,https://datagunung.com/gunung/Ruang/info,,Unknown,https://datagunung.com/images/mobile-default-image.webp,Gunung Ruang berada di provinsi Sulawesi Utara dengan ketinggian 725 mdpl.
Malang,https://datagunung.com/gunung/Malang/info,,Unknown,https://datagunung.com/images/mobile-default-image.webp,Gunung Malang berada di provinsi Jawa Barat dengan ketinggian 680 mdpl.
Teon,https://datagunung.com/gunung/Teon/info,,Unknown,https://datagunung.com/images/mobile-default-image.webp,Gunung Teon berada di provinsi Nusa Tenggara Timur dengan ketinggian 655 mdpl.
Serua,https://datagunung.com/gunung/Serua/info,,Unknown,https://datagunung.com/images/mobile-default-image.webp,Gunung Serua berada di provinsi Nusa Tenggara Timur dengan ketinggian 641 mdpl.
Banda Api,https://datagunung.com/gunung/Banda Api/info,,Unknown,https://datagunung.com/images/mobile-default-image.webp,Gunung Banda Api berada di provinsi Maluku dengan ketinggian 640 mdpl.
Iya,https://datagunung.com/gunung/Iya/info,,Unknown,https://datagunung.com/images/mobile-default-image.webp,Gunung Iya berada di provinsi Nusa Tenggara Timur dengan ketinggian 637 mdpl.
Hiri,https://datagunung.com/gunung/Hiri/info,,Unknown,https://datagunung.com/images/mobile-default-image.webp,Gunung Hiri berada di provinsi Maluku Utara dengan ketinggian 630 mdpl.
Weh,https://datagunung.com/gunung/Weh/info,,Unknown,https://datagunung.com/images/mobile-default-image.webp,Gunung Weh berada di provinsi Aceh dengan ketinggian 617 mdpl.
Lurus,https://datagunung.com/gunung/Lurus/info,,Unknown,https://datagunung.com/images/mobile-default-image.webp,Gunung Lurus berada di provinsi Jawa Timur dengan ketinggian 539 mdpl.
Colo,https://datagunung.com/gunung/Colo/info,,Unknown,https://datagunung.com/images/mobile-default-image.webp,Gunung Colo berada di provinsi Sulawesi Tengah dengan ketinggian 507 mdpl.
Tigalalu,https://datagunung.com/gunung/Tigalalu/info,,Unknown,https://datagunung.com/images/mobile-default-image.webp,Gunung Tigalalu berada di provinsi Maluku Utara dengan ketinggian 422 mdpl.
Eusing,https://datagunung.com/gunung/Eusing/info,,Unknown,https://datagunung.com/images/mobile-default-image.webp,"Gunung Eusing berlokasi di Desa Gobang Kecamatan Rumping Kabupaten Bogor. Gunung ini diperkirakan memiliki ketinggian sekitar 360 mdpl, dengan area puncak yang dikenal dengan nama Sumur Tujuh.

Terima kasih rekan Ical di Jakarta yang mengusulkan penambahan data Gunung Eusing."
Tarakan,https://datagunung.com/gunung/Tarakan/info,,Unknown,https://datagunung.com/images/mobile-default-image.webp,Gunung Tarakan berada di provinsi Kalimantan Utara dengan ketinggian 318 mdpl.
Mare,https://datagunung.com/gunung/Mare/info,,Unknown,https://datagunung.com/images/mobile-default-image.webp,Gunung Mare berada di provinsi Maluku Utara dengan ketinggian 308 mdpl.
Gunungapi Wetar,https://datagunung.com/gunung/Gunungapi Wetar/info,,Unknown,https://datagunung.com/images/mobile-default-image.webp,Gunung Gunungapi Wetar berada di provinsi Maluku dengan ketinggian 282 mdpl.
Manuk,https://datagunung.com/gunung/Manuk/info,,Unknown,https://datagunung.com/images/mobile-default-image.webp,Gunung Manuk berada di provinsi Maluku dengan ketinggian 282 mdpl.
Riang Kotang,https://datagunung.com/gunung/Riang Kotang/info,,Unknown,https://datagunung.com/images/mobile-default-image.webp,Gunung Riang Kotang berada di provinsi Nusa Tenggara Timur dengan ketinggian 200 mdpl.
Anak Krakatau,https://datagunung.com/gunung/Anak Krakatau/info,,Unknown,https://datagunung.com/images/mobile-default-image.webp,Gunung Anak Krakatau berada di provinsi Lampung dengan ketinggian 157 mdpl.
